{
  "model": "xgboost_log",
  "valid_mse": 7254.581385276316,
  "best_iteration": 390,
  "params": {
    "learning_rate": 0.06923341384159641,
    "max_depth": 5,
    "min_child_weight": 5.744143217879915,
    "subsample": 0.9996331445742868,
    "colsample_bytree": 0.820601871817348,
    "reg_alpha": 0.2082335248152992,
    "reg_lambda": 0.00011661497746482179,
    "gamma": 0.00826456533918457
  }
}